gacha_schedule_id,priority,start_date,end_date
9999,100,2015-03-27 00:00:00,2016-09-20 23:59:59
10012,100,2016-09-21 00:00:00,2017-03-15 01:00:00
10022,100,2017-03-15 01:00:00,2970-01-01 09:00:00
10000,101,2016-07-19 15:00:00,2016-07-22 14:59:59
10001,100,2015-12-21 15:00:00,2015-12-25 14:59:59
10002,100,2016-01-01 15:00:00,2016-01-07 14:59:59
10003,100,2016-01-29 15:00:00,2016-02-12 14:59:59
10004,100,2016-02-29 15:00:00,2016-03-06 14:59:59
10005,102,2016-05-19 15:00:00,2016-05-24 14:59:59
10006,102,2016-07-19 15:00:00,2016-07-22 14:59:59
10007,102,2016-06-13 15:00:00,2016-06-26 23:59:59
10008,102,2016-08-08 15:00:00,2016-08-12 14:59:59
10009,101,2016-09-02 15:00:00,2016-09-11 14:59:59
10010,102,2016-09-02 15:00:00,2016-09-11 14:59:59
10011,103,2016-09-16 15:00:00,2016-09-20 23:59:59
10013,101,2016-10-17 15:00:00,2016-10-23 14:59:59
10014,101,2016-11-07 15:00:00,2016-11-13 14:59:59
10015,101,2016-11-14 15:00:00,2016-11-20 14:59:59
10016,101,2016-11-23 15:00:00,2016-11-30 14:59:59
10017,101,2016-12-02 15:00:00,2016-12-06 14:59:59
10018,102,2017-01-01 00:00:00,2017-01-05 14:59:59
10019,101,2017-01-08 15:00:00,2017-01-12 14:59:59
10020,101,2017-02-02 15:00:00,2017-02-10 23:59:59
10021,101,2017-02-25 15:00:00,2017-02-28 14:59:59
10023,101,2017-03-27 15:00:00,2017-04-04 10:59:59
10024,101,2017-04-25 15:00:00,2017-05-02 14:59:59
10025,101,2017-05-30 15:00:00,2017-06-12 14:59:59
6002,6002,2016-06-15 15:00:00,2016-07-01 14:59:59
6003,6003,2016-06-15 15:00:00,2016-07-01 14:59:59
6004,6004,2016-07-16 00:00:00,2970-07-01 14:59:59
6005,6005,2016-07-16 00:00:00,2970-07-01 14:59:59
6006,6006,2016-07-29 15:00:00,2970-07-16 14:59:59
6007,6007,2016-07-29 15:00:00,2970-07-16 14:59:59
6008,6008,2016-07-29 15:00:00,2970-07-16 14:59:59
6009,6009,2016-12-09 15:00:00,2970-07-16 14:59:59
6010,6010,2016-12-09 15:00:00,2970-07-16 14:59:59
7000,7000,2016-04-25 15:00:00,2016-05-10 14:59:59
7001,7000,2016-05-10 15:00:00,2016-05-13 8:59:59
7002,7000,2016-05-13 9:00:00,2016-05-24 23:59:59
7003,7000,2016-05-25 00:00:00,2016-05-28 14:59:59
7004,7000,2016-05-28 15:00:00,2016-06-27 14:59:59
7005,7000,2016-06-27 15:00:00,2016-07-04 14:59:59
7006,7000,2016-07-04 15:00:00,2016-08-02 14:59:59
7007,7000,2016-08-02 15:00:00,2016-08-23 14:59:59
7008,7000,2016-08-23 15:00:00,2016-09-05 14:59:59
7009,7000,2016-09-05 15:00:00,2016-09-19 14:59:59
7010,7000,2016-09-19 15:00:00,2016-10-03 14:59:59
7011,7000,2016-10-03 15:00:00,2016-10-17 14:59:59
7012,7000,2016-10-17 15:00:00,2016-11-08 14:59:59
7013,7000,2016-11-08 15:00:00,2016-11-18 14:59:59
7014,7018,2016-11-27 15:00:00,2016-12-24 14:59:59
7015,7017,2016-11-27 15:00:00,2016-12-24 14:59:59
7016,7016,2016-11-27 15:00:00,2016-12-24 14:59:59
7017,7015,2016-11-27 15:00:00,2016-12-24 14:59:59
7018,7014,2016-11-27 15:00:00,2016-12-24 14:59:59
7019,7000,2016-11-18 15:00:00,2970-07-16 14:59:59
7020,7018,2016-12-24 15:00:00,2017-01-16 14:59:59
7021,7017,2016-12-24 15:00:00,2017-01-16 14:59:59
7022,7016,2016-12-24 15:00:00,2017-01-16 14:59:59
7023,7015,2016-12-24 15:00:00,2017-01-16 14:59:59
7024,7014,2016-12-24 15:00:00,2017-01-16 14:59:59
7025,7018,2017-01-16 15:00:00,2017-02-20 14:59:59
7026,7017,2017-01-16 15:00:00,2017-02-20 14:59:59
7027,7016,2017-01-16 15:00:00,2017-02-20 14:59:59
7028,7015,2017-01-16 15:00:00,2017-02-20 14:59:59
7029,7014,2017-01-16 15:00:00,2017-02-20 14:59:59
7030,7018,2017-02-20 15:00:00,2017-05-09 14:59:59
7031,7017,2017-02-20 15:00:00,2017-05-09 14:59:59
7032,7016,2017-02-20 15:00:00,2017-05-09 14:59:59
7033,7015,2017-02-20 15:00:00,2017-05-09 14:59:59
7034,7014,2017-02-20 15:00:00,2017-05-09 14:59:59
7035,7018,2017-05-09 15:00:00,2970-07-16 14:59:59
7036,7017,2017-05-09 15:00:00,2970-07-16 14:59:59
7037,7016,2017-05-09 15:00:00,2970-07-16 14:59:59
7038,7015,2017-05-09 15:00:00,2970-07-16 14:59:59
7039,7014,2017-05-09 15:00:00,2970-07-16 14:59:59
7100,7100,2016-04-25 15:00:00,2016-05-10 14:59:59
7101,7100,2016-05-10 15:00:00,2016-05-13 8:59:59
7102,7100,2016-05-13 9:00:00,2016-05-24 23:59:59
7103,7100,2016-05-25 00:00:00,2016-05-28 14:59:59
7104,7100,2016-05-28 15:00:00,2016-06-10 14:59:59
7105,7100,2016-06-10 15:00:00,2016-06-27 14:59:59
7106,7100,2016-06-27 15:00:00,2016-07-04 14:59:59
7107,7100,2016-07-04 15:00:00,2016-07-25 14:59:59
7108,7100,2016-07-25 15:00:00,2016-07-29 14:59:59
7109,7100,2016-07-29 15:00:00,2016-08-02 14:59:59
7110,7100,2016-08-02 15:00:00,2016-08-05 14:59:59
7111,7100,2016-08-05 15:00:00,2016-08-12 14:59:59
7112,7100,2016-08-12 15:00:00,2016-08-23 14:59:59
7113,7100,2016-08-23 15:00:00,2016-09-05 14:59:59
7114,7100,2016-09-05 15:00:00,2016-09-06 14:59:59
7115,7100,2016-09-06 15:00:00,2016-09-09 14:59:59
7116,7100,2016-09-09 15:00:00,2016-09-19 14:59:59
7117,7100,2016-09-19 15:00:00,2016-10-03 14:59:59
7118,7100,2016-10-03 15:00:00,2016-10-17 14:59:59
7119,7100,2016-10-17 15:00:00,2016-11-08 14:59:59
7120,7100,2016-11-08 15:00:00,2016-11-18 14:59:59
7121,7124,2016-11-27 15:00:00,2970-07-16 14:59:59
7122,7123,2016-11-27 15:00:00,2970-07-16 14:59:59
7123,7122,2016-11-27 15:00:00,2970-07-16 14:59:59
7124,7121,2016-11-27 15:00:00,2970-07-16 14:59:59
7125,7100,2016-11-18 15:00:00,2970-07-16 14:59:59
7126,7129,2017-04-29 15:00:00,2970-07-16 14:59:59
7127,7128,2017-04-29 15:00:00,2970-07-16 14:59:59
7128,7127,2017-04-29 15:00:00,2970-07-16 14:59:59
7129,7126,2017-04-29 15:00:00,2970-07-16 14:59:59
7200,7200,2016-04-25 15:00:00,2016-05-10 14:59:59
7201,7200,2016-05-10 15:00:00,2016-05-13 8:59:59
7202,7200,2016-05-13 9:00:00,2016-05-24 23:59:59
7203,7200,2016-05-25 00:00:00,2016-05-28 14:59:59
7204,7200,2016-05-28 15:00:00,2016-06-10 14:59:59
7205,7200,2016-06-10 15:00:00,2016-06-27 14:59:59
7206,7200,2016-06-27 15:00:00,2016-07-04 14:59:59
7207,7200,2016-07-04 15:00:00,2016-07-25 14:59:59
7208,7200,2016-07-25 15:00:00,2016-07-29 14:59:59
7209,7200,2016-07-29 15:00:00,2016-08-02 14:59:59
7210,7200,2016-08-02 15:00:00,2016-08-05 14:59:59
7211,7200,2016-08-05 15:00:00,2016-08-12 14:59:59
7212,7200,2016-08-12 15:00:00,2016-08-23 14:59:59
7213,7200,2016-08-23 15:00:00,2016-09-05 14:59:59
7214,7200,2016-09-05 15:00:00,2016-09-06 14:59:59
7215,7200,2016-09-06 15:00:00,2016-09-09 14:59:59
7216,7200,2016-09-09 15:00:00,2016-09-19 14:59:59
7217,7200,2016-09-19 15:00:00,2016-10-03 14:59:59
7218,7200,2016-10-03 15:00:00,2016-10-17 14:59:59
7219,7200,2016-10-17 15:00:00,2016-11-08 14:59:59
7220,7200,2016-11-08 15:00:00,2016-11-18 14:59:59
7221,7200,2016-11-18 15:00:00,2016-12-24 14:59:59
7222,7200,2016-12-24 15:00:00,2017-01-16 14:59:59
7223,7200,2017-01-16 15:00:00,2017-02-20 14:59:00
7224,7200,2017-02-20 15:00:00,2017-05-09 14:59:59
7225,7224,2017-04-06 00:00:00,2970-07-16 14:59:59
7226,7200,2017-05-09 15:00:00,2970-07-16 14:59:59
0,1,2015-10-05 00:00:00,2015-10-07 23:59:59
1,1,2015-10-06 00:00:00,2015-10-06 23:59:59
2,1,2015-10-06 15:00:00,2015-10-07 14:59:59
3,1,2015-10-07 00:00:00,2015-10-07 23:59:59
4,1,2016-01-01 00:00:00,2016-01-05 23:59:59
5,1,2016-01-01 00:00:00,2017-01-05 23:59:59
6,1,2016-01-01 00:00:00,2017-01-05 23:59:59
1010,1,2100-01-01 00:00:00,2100-01-01 23:59:59
1011,1,2100-01-01 00:00:00,2100-01-01 23:59:59
1020,1,2100-01-01 00:00:00,2100-01-01 23:59:59
1021,1,2100-01-01 00:00:00,2100-01-01 23:59:59
1030,1,2100-01-01 00:00:00,2100-01-01 23:59:59
1040,1,2100-01-01 00:00:00,2100-01-01 23:59:59
1050,1,2100-01-01 00:00:00,2100-01-01 23:59:59
1060,1,2100-01-01 00:00:00,2100-01-01 23:59:59
1070,1,2100-01-01 00:00:00,2100-01-01 23:59:59
1080,1,2100-01-01 00:00:00,2100-01-01 23:59:59
1090,1,2100-01-01 00:00:00,2100-01-01 23:59:59
1100,1,2100-01-01 00:00:00,2100-01-01 23:59:59
1110,1,2100-01-01 00:00:00,2100-01-01 23:59:59
1120,1,2100-01-01 00:00:00,2100-01-01 23:59:59
1130,1,2100-01-01 00:00:00,2100-01-01 23:59:59
1131,1,2015-10-10 15:00:00,2015-10-11 23:59:59
1132,1,2015-10-12 00:00:00,2015-10-12 23:59:59
1140,1,2015-10-13 00:00:00,2015-10-13 14:59:59
1141,1,2100-01-01 00:00:00,2100-01-01 23:59:59
1142,1,2100-01-01 00:00:00,2100-01-01 23:59:59
1143,1,2015-10-07 00:00:00,2015-10-07 14:59:59
1144,1,2015-10-08 15:00:00,2015-10-08 23:59:59
11441,1,2015-10-08 00:00:00,2015-10-08 23:59:59
1145,1,2015-10-04 00:00:00,2015-10-04 23:59:59
1146,1,2015-10-05 00:00:00,2015-10-05 14:59:59
1150,1,2015-10-07 15:00:00,2015-10-08 14:59:59
1160,1,2015-10-09 00:00:00,2015-10-09 23:59:59
1170,1,2015-10-10 00:00:00,2015-10-10 14:59:59
1171,1,2015-10-13 15:00:00,2015-10-14 23:59:59
1172,1,2015-10-15 00:00:00,2015-10-15 23:59:59
1173,1,2015-10-16 00:00:00,2015-10-16 14:59:59
1180,1,2015-10-16 15:00:00,2015-10-17 23:59:59
1181,1,2015-10-18 00:00:00,2015-10-18 23:59:59
1182,1,2015-10-19 00:00:00,2015-10-19 14:59:59
1190,1,2015-10-19 15:00:00,2015-10-21 23:59:59
1191,1,2015-10-22 00:00:00,2015-10-22 23:59:59
1192,1,2015-10-23 00:00:00,2015-10-23 14:59:59
1200,1,2015-10-23 15:00:00,2015-10-28 14:59:59
1210,1,2015-10-28 15:00:00,2015-10-31 14:59:59
1220,1,2015-11-02 15:00:00,2015-11-08 14:59:59
1230,1,2015-11-08 15:00:00,2015-11-16 14:59:59
144,1,2015-10-31 15:00:00,2015-11-02 14:59:59
146,1,2015-11-16 15:00:00,2015-11-19 14:59:59
148,1,2015-11-06 15:00:00,2015-11-08 14:59:59
149,1,2015-11-13 15:00:00,2015-11-16 14:59:59
150,1,2015-11-26 10:55:00,2015-11-30 14:59:59
151,1,2015-11-19 15:00:00,2015-11-30 14:59:59
152,1,2015-11-20 15:00:00,2015-11-30 14:59:59
153,1,2015-11-30 15:00:00,2015-12-3 14:59:59
154,1,2015-12-03 15:00:00,2015-12-14 14:59:59
155,1,2015-12-04 15:00:00,2015-12-11 14:59:59
156,1,2015-12-07 15:00:00,2015-12-14 14:59:59
157,1,2015-12-11 15:00:00,2015-12-18 14:59:59
158,1,2015-12-11 15:00:00,2015-12-13 14:59:59
159,1,2015-12-14 15:00:00,2015-12-18 14:59:59
160,1,2015-12-16 15:00:00,2015-12-25 14:59:59
161,1,2015-12-18 15:00:00,2015-12-25 14:59:59
162,1,2015-12-21 15:00:00,2015-12-26 14:59:59
163,1,2016-01-06 15:00:00,2016-01-12 14:59:59
164,1,2015-12-25 15:00:00,2015-12-31 14:59:59
165,1,2015-12-31 15:00:00,2016-01-01 14:59:59
166,1,2016-01-01 15:00:00,2016-01-02 14:59:59
167,1,2016-01-02 15:00:00,2016-01-08 14:59:59
168,1,2016-01-08 15:00:00,2016-01-15 14:59:59
169,1,2016-01-15 15:00:00,2016-01-22 14:59:59
170,1,2016-01-12 15:00:00,2016-01-15 14:59:59
171,1,2016-01-14 15:00:00,2016-01-20 14:59:59
172,1,2016-01-18 15:00:00,2016-01-25 14:59:59
173,1,2016-01-22 15:00:00,2016-02-09 14:59:59
174,1,2016-01-20 15:00:00,2016-01-23 14:59:59
175,1,2016-01-25 15:00:00,2016-01-30 14:59:59
176,1,2016-01-20 15:00:00,2016-01-25 14:59:59
177,1,2016-01-27 15:00:00,2016-02-03 14:59:59
178,1,2016-01-29 00:00:00,2016-02-05 14:59:59
179,1,2016-02-05 15:00:00,2016-02-12 23:59:59
180,1,2016-02-01 00:00:00,2016-02-02 23:59:59
181,1,2016-02-03 15:00:00,2016-02-13 14:59:59
182,1,2016-02-09 15:00:00,2016-03-08 14:59:59
184,1,2016-02-12 15:00:00,2016-02-15 14:59:59
185,1,2016-02-14 15:00:00,2016-02-19 14:59:59
186,1,2016-02-17 12:00:00,2016-02-22 14:59:59
187,1,2016-02-19 15:00:00,2016-02-29 14:59:59
188,1,2016-03-02 15:00:00,2016-03-06 14:59:59
189,1,2016-02-24 15:00:00,2016-03-08 14:59:59
190,1,2016-02-22 15:00:00,2016-03-02 14:59:59
196,1,2016-02-29 00:00:00,2016-02-29 23:59:59
197,1,2016-03-01 00:00:00,2016-03-01 23:59:59
198,1,2016-02-26 15:00:00,2016-03-05 14:59:59
199,1,2016-03-05 15:00:00,2016-03-11 14:59:59
300,1,2016-03-05 15:00:00,2016-03-21 14:59:59
301,1,2016-03-07 15:00:00,2016-03-13 14:59:59
302,1,2016-03-08 15:00:00,2016-03-14 14:59:59
303,1,2016-03-10 15:00:00,2016-03-13 14:59:59
304,1,2016-03-12 15:00:00,2016-03-18 14:59:59
305,1,2016-03-14 15:00:00,2016-03-17 14:59:59
306,1,2016-03-16 15:00:00,2016-03-22 14:59:59
307,1,2016-03-16 15:00:00,2016-03-22 14:59:59
308,1,2016-03-18 15:00:00,2016-03-21 14:59:59
309,1,2016-03-21 15:00:00,2016-03-27 14:59:59
310,1,2016-03-21 15:00:00,2016-04-04 14:59:59
311,1,2016-03-23 15:00:00,2016-03-29 14:59:59
312,1,2016-03-25 00:00:00,2016-03-31 23:59:59
313,1,2016-03-27 00:00:00,2016-03-28 23:59:59
314,1,2016-03-29 00:00:00,2016-03-30 23:59:59
315,1,2016-03-26 00:00:00,2016-04-04 23:59:59
316,1,2016-03-31 00:00:00,2016-03-31 23:59:59
317,1,2016-04-01 00:00:00,2016-04-02 23:59:59
318,1,2016-04-02 15:00:00,2016-04-06 14:59:59
319,1,2016-04-04 15:00:00,2016-04-08 14:59:59
320,1,2016-04-04 15:00:00,2016-04-16 14:59:59
321,1,2016-04-06 15:00:00,2016-04-10 14:59:59
322,1,2016-04-09 15:00:00,2016-04-13 14:59:59
323,1,2016-04-11 15:00:00,2016-04-14 14:59:59
324,1,2016-04-14 15:00:00,2016-04-20 14:59:59
325,1,2016-04-20 15:00:00,2016-04-21 23:59:59
326,1,2016-04-16 15:00:00,2016-04-22 14:59:59
327,200,2016-04-16 15:00:00,2016-05-10 14:59:59
328,328,2016-04-18 15:00:00,2016-04-21 14:59:59
6000,6000,2016-04-22 01:30:00,2016-05-19 14:59:59
6001,6001,2016-05-06 08:00:00,2016-05-19 14:59:59
329,329,2016-04-23 15:00:00,2016-04-27 14:59:59
330,330,2016-04-26 00:00:00,2016-04-27 23:59:59
1330,330,2016-05-03 00:00:00,2016-05-04 23:59:59
2330,330,2016-05-07 00:00:00,2016-05-08 23:59:59
331,331,2016-04-28 00:00:00,2016-04-29 23:59:59
1331,331,2016-05-05 00:00:00,2016-05-06 23:59:59
2331,331,2016-05-09 00:00:00,2016-05-10 23:59:59
1325,325,2016-04-28 15:00:00,2016-05-05 14:59:59
332,332,2016-04-30 00:00:00,2016-04-30 23:59:59
333,333,2016-05-01 00:00:00,2016-05-02 23:59:59
334,334,2016-05-06 15:00:00,2016-05-12 14:59:59
335,335,2016-05-08 15:00:00,2016-05-15 14:59:59
1335,5000,2016-05-08 15:00:00,2016-05-26 14:59:59
336,336,2016-05-10 15:00:00,2016-05-19 14:59:59
337,200,2016-05-10 15:00:00,2016-05-24 23:59:59
338,338,2016-05-14 00:00:00,2016-05-29 23:59:59
339,339,2016-05-17 15:00:00,2016-05-23 14:59:59
340,341,2016-05-20 00:00:00,2016-05-22 23:59:59
341,340,2016-05-20 00:00:00,2016-05-22 23:59:59
342,345,2016-05-22 00:00:00,2016-05-24 23:59:59
343,344,2016-05-22 00:00:00,2016-05-24 23:59:59
344,343,2016-05-22 00:00:00,2016-05-24 23:59:59
345,342,2016-05-22 00:00:00,2016-05-24 23:59:59
346,346,2016-05-25 00:00:00,2016-05-31 14:59:59
347,200,2016-05-25 00:00:00,2016-06-27 14:59:59
348,348,2016-05-28 15:00:00,2016-06-08 14:59:59
349,350,2016-05-31 00:00:00,2016-06-02 23:59:59
350,349,2016-05-31 00:00:00,2016-06-02 23:59:59
351,351,2016-06-03 15:00:00,2016-06-09 14:59:59
352,352,2016-06-06 15:00:00,2016-06-14 23:59:59
353,353,2016-06-08 15:00:00,2016-06-14 14:59:59
354,354,2016-06-10 15:00:00,2016-06-22 14:59:59
355,355,2016-06-13 00:00:00,2016-06-19 23:59:59
356,356,2016-06-16 15:00:00,2016-06-18 14:59:59
357,357,2016-06-20 00:00:00,2016-06-26 23:59:59
358,358,2016-06-23 00:00:00,2016-06-30 23:59:59
359,359,2016-06-25 15:00:00,2016-06-27 14:59:59
360,360,2016-06-27 15:00:00,2016-07-04 14:59:59
361,200,2016-06-27 15:00:00,2016-07-04 14:59:59
362,362,2016-06-30 00:00:00,2016-07-02 23:59:59
363,365,2016-07-04 15:00:00,2016-07-10 14:59:59
364,200,2016-07-04 15:00:00,2016-08-02 14:59:59
365,366,2016-07-06 15:00:00,2016-07-16 14:59:59
366,363,2016-07-02 15:00:00,2016-07-08 14:59:59
367,367,2016-07-13 15:00:00,2016-07-18 23:59:59
368,368,2016-07-13 15:00:00,2016-07-19 14:59:59
369,369,2016-07-16 15:00:00,2016-07-22 14:59:59
370,370,2016-07-16 15:00:00,2016-07-19 14:59:59
371,372,2016-07-19 15:00:00,2016-07-29 14:59:59
372,371,2016-07-19 15:00:00,2016-07-29 14:59:59
7300,199,2017-02-22 15:00:00,2017-03-01 14:59:59
7301,198,2017-02-22 15:00:00,2017-03-01 14:59:59
373,201,2016-07-22 15:00:00,2016-07-24 14:59:59
374,201,2016-07-24 15:00:00,2016-07-26 14:59:59
375,201,2016-07-26 15:00:00,2016-07-28 14:59:59
376,376,2016-07-25 15:00:00,2016-07-31 14:59:59
377,377,2016-07-28 15:00:00,2016-07-31 23:59:59
378,378,2016-07-30 00:00:00,2016-08-02 23:59:59
379,379,2016-08-02 15:00:00,2016-08-08 14:59:59
380,200,2016-08-02 15:00:00,2016-08-23 14:59:59
381,381,2016-08-03 15:00:00,2016-08-09 14:59:59
382,382,2016-08-05 15:00:00,2016-08-12 14:59:59
383,383,2016-08-08 15:00:00,2016-08-14 14:59:59
384,385,2016-08-11 12:00:00,2016-08-20 14:59:59
385,384,2016-08-10 00:00:00,2016-08-16 23:59:59
386,388,2016-08-17 00:00:00,2016-08-24 23:59:59
387,386,2016-08-15 15:00:00,2016-08-19 14:59:59
388,387,2016-08-15 15:00:00,2016-08-21 23:59:59
389,388,2016-08-20 15:00:00,2016-08-23 14:59:59
390,390,2016-08-23 15:00:00,2016-08-29 14:59:59
391,200,2016-08-23 15:00:00,2016-09-05 14:59:59
392,393,2016-08-28 15:00:00,2016-09-03 14:59:59
393,394,2016-08-30 00:00:00,2016-09-02 14:59:59
394,395,2016-09-02 15:00:00,2016-09-05 23:59:59
395,392,2016-08-26 15:00:00,2016-09-05 14:59:59
396,391,2016-08-26 15:00:00,2016-09-11 14:59:59
397,396,2016-09-05 15:00:00,2016-09-13 14:59:59
398,200,2016-09-05 15:00:00,2016-09-19 14:59:59
399,397,2016-09-08 0:00:00,2016-09-11 23:59:59
400,399,2016-09-13 15:00:00,2016-09-20 23:59:59
401,392,2016-09-05 15:00:00,2016-09-11 14:59:59
402,398,2016-09-11 18:30:00,2016-09-17 14:59:59
403,400,2016-09-16 15:00:00,2016-09-22 14:59:59
404,401,2016-09-19 15:00:00,2016-09-25 14:59:59
405,200,2016-09-19 15:00:00,2016-10-03 14:59:59
406,402,2016-09-21 15:00:00,2016-09-27 14:59:59
407,201,2016-09-17 15:00:00,2016-09-20 14:59:59
409,409,2016-09-23 15:00:00,2016-09-26 14:59:59
7302,405,2016-09-23 15:00:00,2970-07-16 14:59:59
410,410,2016-09-26 15:00:00,2016-10-02 14:59:59
411,411,2016-09-23 15:00:00,2016-09-23 23:59:59
412,412,2016-09-24 00:00:00,2016-09-24 23:59:59
413,413,2016-09-25 00:00:00,2016-09-25 23:59:59
414,414,2016-09-26 00:00:00,2016-09-26 23:59:59
415,415,2016-09-27 00:00:00,2016-09-27 23:59:59
416,416,2016-09-28 00:00:00,2016-09-28 23:59:59
417,417,2016-09-29 00:00:00,2016-09-29 23:59:59
418,418,2016-09-30 00:00:00,2016-09-30 23:59:59
419,419,2016-10-01 00:00:00,2016-10-01 23:59:59
420,420,2016-10-02 00:00:00,2016-10-02 14:59:59
421,421,2016-09-30 00:00:00,2016-10-03 14:59:59
422,200,2016-10-03 15:00:00,2016-10-17 14:59:59
423,423,2016-10-03 16:00:00,2016-10-09 15:59:59
424,424,2016-10-05 15:00:00,2016-10-11 14:59:59
425,425,2016-10-07 15:00:00,2016-10-10 23:59:59
426,426,2016-10-09 15:00:00,2016-10-16 14:59:59
427,427,2016-10-11 15:00:00,2016-10-18 14:59:59
428,429,2016-10-13 15:00:00,2016-10-17 14:59:59
7303,428,2016-10-13 15:00:00,2016-11-14 14:59:59
429,200,2016-10-17 15:00:00,2016-11-08 14:59:59
430,430,2016-10-15 15:00:00,2016-10-21 14:59:59
431,431,2016-10-17 15:00:00,2016-10-23 14:59:59
432,432,2016-10-19 15:00:00,2016-10-26 14:59:59
433,433,2016-10-21 15:00:00,2016-10-28 14:59:59
434,434,2016-10-24 15:00:00,2016-10-30 14:59:59
435,445,2016-11-10 15:00:00,2016-11-13 14:59:59
7304,198,2016-11-10 15:00:00,2016-11-14 14:59:59
7305,199,2016-11-10 15:00:00,2016-11-14 14:59:59
436,436,2016-10-26 15:00:00,2016-11-01 14:59:59
437,437,2016-10-29 15:00:00,2016-11-05 14:59:59
438,438,2016-10-30 15:00:00,2016-10-31 14:59:59
439,439,2016-10-31 15:00:00,2016-11-01 14:59:59
440,440,2016-11-01 15:00:00,2016-11-02 14:59:59
441,441,2016-11-02 15:00:00,2016-11-08 14:59:59
442,442,2016-11-04 15:00:00,2016-11-07 23:59:59
443,444,2016-11-08 15:00:00,2016-11-14 14:59:59
444,443,2016-11-06 15:00:00,2016-11-12 14:59:59
445,200,2016-11-08 15:00:00,2016-11-18 14:59:59
446,446,2016-11-07 15:00:00,2016-11-09 14:59:59
447,447,2016-11-07 15:00:00,2016-11-09 14:59:59
448,448,2016-11-07 15:00:00,2016-11-09 14:59:59
449,449,2016-11-11 18:00:00,2016-11-18 17:59:59
450,450,2016-11-14 15:00:00,2016-11-15 14:59:59
451,451,2016-11-15 15:00:00,2016-11-16 14:59:59
452,453,2016-11-16 15:00:00,2016-11-17 14:59:59
453,452,2016-11-16 15:00:00,2016-11-22 14:59:59
7306,454,2016-11-14 15:00:00,2016-12-15 14:59:59
454,455,2016-11-18 15:00:00,2016-11-26 14:59:59
455,200,2016-11-18 15:00:00,2016-12-24 14:59:59
456,456,2016-11-23 15:00:00,2016-12-06 14:59:59
457,457,2016-11-23 15:00:00,2016-11-23 23:59:59
458,458,2016-11-24 00:00:00,2016-11-24 23:59:59
459,459,2016-11-25 00:00:00,2016-11-25 23:59:59
460,460,2016-11-26 00:00:00,2016-11-26 23:59:59
461,461,2016-11-27 00:00:00,2016-11-27 23:59:59
462,462,2016-11-28 00:00:00,2016-11-28 23:59:59
463,463,2016-11-29 00:00:00,2016-11-29 23:59:59
464,467,2016-11-30 00:00:00,2016-11-30 23:59:59
465,465,2016-11-23 15:00:00,2016-11-30 14:59:59
7307,7307,2016-11-21 15:00:00,2970-07-16 14:59:59
466,466,2016-11-24 15:00:00,2016-11-26 14:59:59
467,468,2016-11-26 15:00:00,2016-11-28 14:59:59
468,469,2016-11-28 15:00:00,2016-11-30 14:59:59
469,480,2016-12-04 15:00:00,2016-12-12 23:59:59
470,479,2016-12-02 15:00:00,2016-12-08 14:59:59
471,470,2016-11-22 16:00:00,2016-11-28 15:59:59
472,474,2016-11-30 15:00:00,2016-12-06 23:59:59
473,473,2016-11-30 15:00:00,2016-12-06 23:59:59
474,472,2016-11-30 15:00:00,2016-12-06 23:59:59
475,471,2016-11-30 15:00:00,2016-12-06 23:59:59
476,476,2016-11-30 15:00:00,2016-12-06 14:59:59
477,475,2016-11-29 15:00:00,2016-11-30 14:59:59
478,477,2016-11-30 15:00:00,2016-12-01 14:59:59
479,478,2016-12-01 15:00:00,2016-12-02 14:59:59
480,481,2016-12-06 15:00:00,2016-12-12 23:59:59
481,464,2016-11-30 00:00:00,2016-11-30 23:59:59
482,482,2016-12-09 15:00:00,2016-12-14 14:59:59
483,483,2016-12-11 15:00:00,2016-12-16 14:59:59
484,489,2016-12-12 15:00:00,2016-12-19 14:59:59
485,485,2016-12-12 15:00:00,2016-12-28 23:59:59
486,484,2016-12-12 15:00:00,2016-12-28 23:59:59
487,486,2016-12-15 15:00:00,2016-12-16 14:59:59
488,487,2016-12-16 15:00:00,2016-12-17 14:59:59
489,488,2016-12-17 15:00:00,2016-12-18 14:59:59
7308,199,2017-05-26 15:00:00,2017-06-03 14:59:59
7309,198,2017-05-26 15:00:00,2017-06-03 14:59:59
7310,490,2016-12-15 15:00:00,2017-01-13 14:59:59
490,489,2016-12-18 15:00:00,2016-12-28 23:59:59
491,490,2016-12-19 15:00:00,2016-12-28 23:59:59
492,491,2016-12-21 15:00:00,2016-12-28 14:59:59
493,492,2016-12-24 15:00:00,2016-12-30 14:59:59
494,200,2016-12-24 15:00:00,2017-01-16 14:59:59
495,493,2016-12-26 15:00:00,2016-12-31 14:59:59
496,494,2016-12-28 15:00:00,2017-01-03 14:59:59
497,500,2017-01-03 15:00:00,2017-01-08 14:59:59
498,495,2016-12-31 00:00:00,2016-12-31 23:59:59
499,499,2017-01-01 00:00:00,2017-01-03 14:59:59
500,498,2017-01-01 00:00:00,2017-01-03 14:59:59
501,497,2017-01-01 00:00:00,2017-01-03 14:59:59
502,496,2017-01-01 00:00:00,2017-01-03 14:59:59
503,501,2017-01-06 15:00:00,2017-01-10 23:59:59
504,502,2017-01-10 15:00:00,2017-01-20 14:59:59
505,503,2017-01-10 15:00:00,2017-01-20 14:59:59
506,504,2017-01-13 15:00:00,2017-01-14 14:59:59
507,505,2017-01-14 15:00:00,2017-01-15 14:59:59
508,506,2017-01-15 15:00:00,2017-01-16 14:59:59
509,507,2017-01-16 15:00:00,2017-01-25 14:59:59
510,508,2017-01-18 15:00:00,2017-01-26 23:59:59
511,509,2017-01-20 15:00:00,2017-01-26 23:59:59
512,511,2017-01-26 15:00:00,2017-02-10 23:59:59
513,522,2017-02-08 15:00:00,2017-02-10 23:59:59
514,200,2017-01-16 15:00:00,2017-02-20 14:59:59
515,515,2017-01-30 15:00:00,2017-01-31 14:59:59
516,516,2017-01-31 15:00:00,2017-02-01 14:59:59
517,517,2017-02-01 15:00:00,2017-02-02 14:59:59
518,512,2017-02-02 15:00:00,2017-02-10 23:59:59
519,509,2017-01-28 15:00:00,2017-02-06 14:59:59
7311,507,2017-01-14 15:00:00,2017-02-20 14:59:59
520,520,2017-02-05 15:00:00,2017-02-10 14:59:59
521,521,2017-02-07 15:00:00,2017-02-13 14:59:59
522,525,2017-02-13 15:00:00,2017-02-21 14:59:59
523,524,2017-02-13 15:00:00,2017-02-21 14:59:59
524,526,2017-02-17 15:00:00,2017-02-18 14:59:59
525,527,2017-02-18 15:00:00,2017-02-19 14:59:59
526,528,2017-02-19 15:00:00,2017-02-20 14:59:59
527,523,2017-02-11 15:00:00,2017-02-17 14:59:59
528,529,2017-02-20 15:00:00,2017-02-27 14:59:59
529,531,2017-02-22 15:00:00,2017-02-28 14:59:59
530,530,2017-02-22 15:00:00,2017-02-28 14:59:59
531,532,2017-02-22 15:00:00,2017-02-22 23:59:59
532,200,2017-02-20 15:00:00,2017-05-09 14:59:59
533,532,2017-02-23 00:00:00,2017-02-23 23:59:59
534,532,2017-02-24 00:00:00,2017-02-24 23:59:59
535,532,2017-02-25 00:00:00,2017-02-25 23:59:59
536,532,2017-02-26 00:00:00,2017-02-26 23:59:59
537,532,2017-02-27 00:00:00,2017-02-27 23:59:59
538,532,2017-02-28 00:00:00,2017-02-28 14:59:59
7312,507,2017-02-20 15:00:00,2017-05-09 14:59:59
7313,7013,2017-02-24 15:00:00,2017-05-09 14:59:59
7314,7012,2017-02-24 15:00:00,2017-05-09 14:59:59
7315,7011,2017-02-24 15:00:00,2017-05-09 14:59:59
7316,7010,2017-02-24 15:00:00,2017-05-09 14:59:59
7317,199,2017-03-09 15:00:00,2017-03-16 14:59:59
7318,198,2017-03-09 15:00:00,2017-03-16 14:59:59
7319,201,2017-03-21 11:00:00,2017-04-04 10:59:59
7320,200,2017-03-21 11:00:00,2017-04-04 10:59:59
7321,201,2017-04-05 15:00:00,2017-04-13 14:59:59
7322,200,2017-04-05 15:00:00,2017-04-13 14:59:59
7323,148,2017-05-01 00:00:00,2017-05-09 14:59:59
7324,149,2017-05-01 00:00:00,2017-05-09 14:59:59
7325,150,2017-05-01 00:00:00,2017-05-09 14:59:59
7326,148,2017-05-09 15:00:00,2970-07-16 14:59:59
7327,149,2017-05-09 15:00:00,2970-07-16 14:59:59
7328,150,2017-05-09 15:00:00,2970-07-16 14:59:59
7329,507,2017-05-09 15:00:00,2970-07-16 14:59:59
7330,7013,2017-05-09 15:00:00,2970-07-16 14:59:59
7331,7012,2017-05-09 15:00:00,2970-07-16 14:59:59
7332,7011,2017-05-09 15:00:00,2970-07-16 14:59:59
7333,7010,2017-05-09 15:00:00,2970-07-16 14:59:59
7334,7336,2017-05-22 15:00:00,2017-05-29 15:05:00
7335,7335,2017-05-22 15:00:00,2017-05-29 15:05:00
7336,7334,2017-05-22 15:00:00,2017-05-29 15:05:00
7337,7337,2017-05-30 15:00:00,2017-06-13 14:59:59
7338,7338,2017-05-30 15:00:00,2017-06-13 14:59:59
7339,7339,2017-05-30 15:00:00,2017-06-13 14:59:59
7340,7340,2017-05-30 15:00:00,2017-06-13 14:59:59
7341,7342,2017-06-13 15:00:00,2017-06-21 14:59:59
7342,7341,2017-06-13 15:00:00,2017-06-21 14:59:59
7343,203,2970-07-16 14:59:59,2970-07-16 14:59:59
7344,202,2017-06-13 15:00:00,2017-06-21 14:59:59
7345,201,2970-07-16 14:59:59,2970-07-16 14:59:59
7346,200,2017-06-13 15:00:00,2017-06-21 14:59:59
539,539,2017-02-27 15:00:00,2017-02-28 14:59:59
540,540,2017-02-28 15:00:00,2017-03-01 14:59:59
541,541,2017-03-01 15:00:00,2017-03-02 14:59:59
542,542,2017-03-03 15:00:00,2017-03-06 23:59:59
543,547,2017-03-09 15:00:00,2017-03-15 14:59:59
544,545,2017-03-09 15:00:00,2017-03-15 14:59:59
545,543,2017-03-06 15:00:00,2017-03-12 14:59:59
546,544,2017-03-12 15:00:00,2017-03-19 14:59:59
547,546,2017-03-14 15:00:00,2017-03-15 14:59:59
548,548,2017-03-16 15:00:00,2017-03-17 14:59:59
549,549,2017-03-17 15:00:00,2017-03-18 14:59:59
550,550,2017-03-18 15:00:00,2017-03-19 14:59:59
551,554,2017-03-21 11:00:00,2017-03-28 14:59:59
552,556,2017-03-27 15:00:00,2017-04-04 10:59:59
553,551,2017-03-19 15:00:00,2017-03-23 14:59:59
554,552,2999-12-31 23:59:59,2999-12-31 23:59:59
555,553,2017-03-27 15:00:00,2017-04-03 14:59:59
556,555,2017-03-24 15:00:00,2017-03-31 14:59:59
557,558,2017-03-31 15:00:00,2017-04-01 14:59:59
558,559,2017-04-01 15:00:00,2017-04-02 14:59:59
559,560,2017-04-02 15:00:00,2017-04-03 14:59:59
560,557,2017-03-30 15:00:00,2017-04-03 14:59:59
561,561,2017-04-03 15:00:00,2017-04-10 14:59:59
562,562,2017-04-05 15:00:00,2017-04-12 14:59:59
563,563,2017-04-07 15:00:00,2017-04-12 14:59:59
564,564,2017-04-09 15:00:00,2017-04-12 14:59:59
565,565,2017-04-11 15:00:00,2017-05-09 14:59:59
566,566,2017-04-14 15:00:00,2017-04-15 14:59:59
567,567,2017-04-15 15:00:00,2017-04-16 14:59:59
568,568,2017-04-16 15:00:00,2017-04-17 14:59:59
569,569,2017-04-17 15:00:00,2017-04-22 14:59:59
570,570,2017-04-17 15:00:00,2017-04-22 14:59:59
571,571,2017-04-19 15:00:00,2017-04-24 14:59:59
572,572,2017-04-21 15:00:00,2017-04-24 23:59:59
573,574,2017-04-25 15:00:00,2017-05-02 14:59:59
574,575,2017-04-25 15:00:00,2017-05-08 14:59:59
575,576,2017-04-26 15:00:00,2017-04-27 14:59:59
576,577,2017-04-27 15:00:00,2017-04-28 14:59:59
577,578,2017-04-28 15:00:00,2017-04-29 14:59:59
578,579,2017-05-02 15:00:00,2017-05-08 14:59:59
579,580,2017-04-25 15:00:00,2017-04-27 23:59:59
580,581,2017-04-28 00:00:00,2017-05-01 23:59:59
581,582,2017-05-02 00:00:00,2017-05-08 14:59:59
582,583,2017-05-04 00:00:00,2017-05-08 14:59:59
583,584,2017-04-25 15:00:00,2017-05-08 14:59:59
584,573,2017-04-24 15:00:00,2017-04-29 14:59:59
585,585,2017-04-29 15:00:00,2017-04-30 14:59:59
586,586,2017-04-30 15:00:00,2017-05-01 14:59:59
587,587,2017-05-01 15:00:00,2017-05-02 14:59:59
588,588,2017-05-05 15:00:00,2017-05-08 23:59:59
589,589,2017-05-09 15:00:00,2017-06-20 14:59:59
590,200,2017-05-09 15:00:00,2970-07-16 14:59:59
591,592,2017-05-12 15:00:00,2017-05-14 14:59:59
592,591,2017-05-12 15:00:00,2017-05-14 14:59:59
593,594,2017-05-14 15:00:00,2017-05-16 14:59:59
594,593,2017-05-14 15:00:00,2017-05-16 14:59:59
595,595,2017-05-16 15:00:00,2017-05-22 14:59:59
596,596,2017-05-17 15:00:00,2017-05-22 23:59:59
597,597,2017-05-20 00:00:00,2017-05-21 23:59:59
598,598,2017-05-22 15:00:00,2017-05-29 14:59:59
599,599,2017-05-25 15:00:00,2017-05-30 14:59:59
600,601,2017-05-26 15:00:00,2017-06-02 14:59:59
601,600,2017-05-26 15:00:00,2017-06-02 14:59:59
602,603,2017-05-30 15:00:00,2017-06-12 14:59:59
603,602,2017-05-30 15:00:00,2017-06-05 14:59:59
604,606,2017-06-02 15:00:00,2017-06-08 14:59:59
605,610,2017-06-06 15:00:00,2017-06-12 14:59:59
606,605,2017-06-01 15:00:00,2017-06-03 14:59:59
607,604,2017-06-01 15:00:00,2017-06-03 14:59:59
608,608,2017-06-03 15:00:00,2017-06-05 14:59:59
609,607,2017-06-03 15:00:00,2017-06-05 14:59:59
610,609,2017-06-05 15:00:00,2017-06-12 14:59:59
611,611,2017-06-09 15:00:00,2017-06-12 23:59:59
612,612,2017-06-11 15:00:00,2017-06-16 14:59:59
613,614,2017-06-13 15:00:00,2017-06-20 14:59:59
614,613,2017-06-13 15:00:00,2017-06-20 14:59:59
