mission_id,unlock_criterion_id,achievement_criterion_id,achievement_id,priority,begin_date,expired_date
1001,Q0001,E0001,P0005,1000,NULL,NULL
1002,Q0001,E0002,P0001,999,NULL,NULL
1003,Q9001,E0003,U03331,999,NULL,NULL
1015,M1003,E0004,P0001,76,2970-01-01 00:00:00,2970-01-01 00:00:00
1025,Q9002,E0005,P0001,75,NULL,NULL
1050,Q9003,O0001,P0001,5,NULL,NULL
1055,L0003,O0002,P0001,5,2000-1-1  15:00:34,2016-08-26 23:59:59
1056,Q0001,O0003,P0001,5,NULL,NULL
1057,Q0001,O0004,P0001,50,2016-01-29 00:00:00,2016-02-12 23:59:59
1059,Q0001,O0006,P0001,5,NULL,NULL
1060,Q0001,O0007,P0001,90,2016-04-26 00:00:00,2016-05-10 23:59:59
1061,Q0001,O0008,P0001,90,2016-04-26 00:00:00,2016-05-10 23:59:59
1062,Q0001,O0009,P0001,5,2016-05-13 9:00:00,2970-01-01 23:59:59
1063,Q0001,O0010,P0001,90,2016-05-14 00:00:00,2016-05-29 23:59:59
1064,Q0001,O0011,P0001,90,2016-05-14 00:00:00,2016-05-29 23:59:59
1065,Q0001,O0012,U08781,90,2016-05-14 00:00:00,2016-05-29 23:59:59
1066,Q0001,O0013,U08781,90,2016-05-14 00:00:00,2016-05-29 23:59:59
1067,Q0001,O0014,U08781,90,2016-05-14 00:00:00,2016-05-29 23:59:59
1068,Q0001,O0015,U08781,90,2016-05-14 00:00:00,2016-05-29 23:59:59
1069,Q0001,O0016,U08781,90,2016-05-14 00:00:00,2016-05-29 23:59:59
1070,Q0001,R0030,P0005,90,2016-05-14 00:00:00,2016-05-20 23:59:59
1071,Q0001,R0040,P0005,90,2016-05-14 00:00:00,2016-05-20 23:59:59
1072,Q0001,R0050,P0005,90,2016-05-14 00:00:00,2016-05-20 23:59:59
1073,Q0001,R0075,P0005,90,2016-05-14 00:00:00,2016-05-20 23:59:59
1074,Q0001,R0100,P0005,90,2016-05-14 00:00:00,2016-05-20 23:59:59
1075,Q0001,R0125,P0005,90,2016-05-14 00:00:00,2016-05-20 23:59:59
1076,Q0001,R0150,P0005,90,2016-05-14 00:00:00,2016-05-20 23:59:59
1077,Q0001,R0175,P0005,90,2016-05-14 00:00:00,2016-05-20 23:59:59
1078,Q0001,R0200,P0005,90,2016-05-14 00:00:00,2016-05-20 23:59:59
1079,Q0001,R0300,P0005,90,2016-05-14 00:00:00,2016-05-20 23:59:59
1080,Q0001,R0031,P0005,90,2016-05-24 00:00:00,2016-05-30 23:59:59
1081,Q0001,R0041,P0005,90,2016-05-24 00:00:00,2016-05-30 23:59:59
1082,Q0001,R0051,P0005,90,2016-05-24 00:00:00,2016-05-30 23:59:59
1083,Q0001,R0076,P0005,90,2016-05-24 00:00:00,2016-05-30 23:59:59
1084,Q0001,R0101,P0005,90,2016-05-24 00:00:00,2016-05-30 23:59:59
1085,Q0001,R0126,P0005,90,2016-05-24 00:00:00,2016-05-30 23:59:59
1086,Q0001,R0151,P0005,90,2016-05-24 00:00:00,2016-05-30 23:59:59
1087,Q0001,R0176,P0005,90,2016-05-24 00:00:00,2016-05-30 23:59:59
1088,Q0001,R0201,P0005,90,2016-05-24 00:00:00,2016-05-30 23:59:59
1089,Q0001,R0301,P0005,90,2016-05-24 00:00:00,2016-05-30 23:59:59
20001,Q0001,RA0025,P0010,90,2016-07-22 15:45:00,2016-08-05 23:59:59
20002,Q0001,RA0050,P0010,90,2016-07-22 15:45:00,2016-08-05 23:59:59
20003,Q0001,RA0075,P0010,90,2016-07-22 15:45:00,2016-08-05 23:59:59
20004,Q0001,RA0100,P0010,90,2016-07-22 15:45:00,2016-08-05 23:59:59
20005,Q0001,RA0125,P0010,90,2016-07-22 15:45:00,2016-08-05 23:59:59
20006,Q0001,RA0150,P0010,90,2016-07-22 15:45:00,2016-08-05 23:59:59
20007,Q0001,RA0175,P0010,90,2016-07-22 15:45:00,2016-08-05 23:59:59
20008,Q0001,RA0200,P0010,90,2016-07-22 15:45:00,2016-08-05 23:59:59
20009,Q0001,RA0225,P0010,90,2016-07-22 15:45:00,2016-08-05 23:59:59
20010,Q0001,RA0250,P0010,90,2016-07-22 15:45:00,2016-08-05 23:59:59
20011,Q0001,RA0275,P0010,90,2016-07-22 15:45:00,2016-08-05 23:59:59
20012,Q0001,RA0300,P0010,90,2016-07-22 15:45:00,2016-08-05 23:59:59
20013,Q0001,RA0325,P0010,90,2016-07-22 15:45:00,2016-08-05 23:59:59
20014,Q0001,RA0350,P0010,90,2016-07-22 15:45:00,2016-08-05 23:59:59
20015,Q0001,RA1005,P0005,90,2016-08-26 15:00:00,2016-09-11 14:59:59
20016,Q0001,RA1010,P0005,90,2016-08-26 15:00:00,2016-09-11 14:59:59
20017,Q0001,RA1015,P0005,90,2016-08-26 15:00:00,2016-09-11 14:59:59
20018,Q0001,RA1020,P0005,90,2016-08-26 15:00:00,2016-09-11 14:59:59
20019,Q0001,RA1025,P0005,90,2016-08-26 15:00:00,2016-09-11 14:59:59
20020,Q0001,RA1030,P0010,90,2016-08-26 15:00:00,2016-09-11 14:59:59
20021,Q0001,RA1040,P0005,90,2016-08-26 15:00:00,2016-09-11 14:59:59
20022,Q0001,RA1050,P0010,90,2016-08-26 15:00:00,2016-09-11 14:59:59
20023,Q0001,RA1075,P0005,90,2016-08-26 15:00:00,2016-09-11 14:59:59
20024,Q0001,RA1100,P0005,90,2016-08-26 15:00:00,2016-09-11 14:59:59
20025,Q0001,RA1125,P0005,90,2016-08-26 15:00:00,2016-09-11 14:59:59
20026,Q0001,RA1150,P0005,90,2016-08-26 15:00:00,2016-09-11 14:59:59
20027,Q0001,RA1175,P0005,90,2016-08-26 15:00:00,2016-09-11 14:59:59
20028,Q0001,RA1200,P0005,90,2016-08-26 15:00:00,2016-09-11 14:59:59
20029,Q0001,RA1250,P0005,90,2016-08-26 15:00:00,2016-09-11 14:59:59
20030,Q0001,RA1300,P0005,90,2016-08-26 15:00:00,2016-09-11 14:59:59
20031,Q0001,RA1350,P0005,90,2016-08-26 15:00:00,2016-09-11 14:59:59
20032,Q0001,RA1400,P0005,90,2016-08-26 15:00:00,2016-09-11 14:59:59
1090,Q0001,O0026,P0001,90,2016-05-16 00:00:00,2016-05-30 23:59:59
1091,Q0001,O0017,P0001,91,2016-05-20 00:00:00,2016-05-29 23:59:59
1092,Q0001,O0018,P0001,91,2016-05-20 00:00:00,2016-05-29 23:59:59
1093,Q0001,O0019,P0001,91,2016-05-20 00:00:00,2016-05-29 23:59:59
1094,Q0001,O0020,P0001,91,2016-05-20 00:00:00,2016-05-24 23:59:59
1095,Q0001,O0021,P0001,91,2016-05-20 00:00:00,2016-05-24 23:59:59
1096,Q0001,O0027,P0001,92,2016-05-25 00:00:00,2016-06-08 23:59:59
1097,Q0001,O0028,P0001,92,2016-05-25 00:00:00,2016-06-08 23:59:59
1098,Q0001,O0029,P0001,92,NULL,NULL
1099,Q0001,O0030,P0001,93,2016-06-13 00:00:00,2016-06-26 23:59:59
1100,Q0001,O0031,P0001,93,2016-06-13 00:00:00,2016-06-26 23:59:59
1101,Q0001,O0032,P0001,94,2016-06-23 15:00:00,2016-06-30 23:59:59
1102,Q0001,O0033,P0001,94,2016-06-23 15:00:00,2016-06-30 23:59:59
1103,Q0001,O0034,P0001,94,2016-07-06 15:00:00,2016-07-30 22:30:00
1104,Q0001,O0035,P0001,94,2016-07-06 15:00:00,2016-07-30 22:30:00
1105,Q0001,O0036,P0001,94,2016-08-10 00:00:00,2016-08-24 23:59:59
1106,Q0001,O0037,P0001,94,2016-08-10 00:00:00,2016-08-24 23:59:59
1107,Q0001,O0038,P0001,96,2970-01-01 00:00:00,2970-01-01 23:59:59
1108,Q0001,O0039,P0001,96,2016-08-27 00:00:00,2016-09-11 14:59:59
1109,Q0001,O0040,P0001,96,2016-08-27 00:00:00,2016-09-11 14:59:59
1110,Q0001,O0041,P0001,96,2016-08-27 00:00:00,2016-09-11 14:59:59
1111,Q0001,O0042,P0001,96,2016-08-27 00:00:00,2016-09-11 14:59:59
1112,Q0001,O0043,P0001,96,2016-08-27 00:00:00,2016-09-11 14:59:59
1113,Q0001,O0045,P0001,96,2016-08-27 00:00:00,2970-01-01 23:59:59
1114,Q0001,O0046,P0001,96,2016-08-27 00:00:00,2970-01-01 23:59:59
1115,Q0001,O0047,P0001,96,2016-08-27 00:00:00,2970-01-01 23:59:59
1116,Q0001,O0048,P0001,98,2016-09-09 15:00:00,2016-09-19 14:59:59
1117,Q0001,O0048,P0001,98,2016-09-09 15:00:00,2016-09-19 14:59:59
1118,Q0001,O0049,P0010,99,2016-09-13 15:00:00,2016-09-20 14:59:59
1119,Q0001,O0050,P0001,101,2016-09-23 15:00:00,2016-10-02 14:59:59
1120,Q0001,O0051,P0001,101,2016-09-23 15:00:00,2016-10-02 14:59:59
1121,Q0001,O0052,P0001,104,2016-10-13 04:00:00,2016-10-20 14:59:59
1122,Q0001,O0053,P0001,104,2016-10-13 04:00:00,2016-10-20 14:59:59
1123,Q9999,RA9999,U01251,104,2000-1-1  15:00:34,2000-1-2  15:00:34
1124,Q9999,RA9999,U01251,104,2000-1-1  15:00:34,2000-1-2  15:00:34
1125,Q0001,O0058,P0001,107,2016-10-27 15:00:00,2016-11-01 14:59:59
1126,Q0001,O0059,P0001,107,2016-10-27 15:00:00,2016-11-01 14:59:59
1127,Q0001,O0060,U08371,107,2016-11-23 15:00:00,2016-11-30 14:59:59
1128,Q0001,O0061,U08371,107,2016-11-23 15:00:00,2016-11-30 14:59:59
1129,Q0001,O0062,P0005,107,2016-12-09 15:00:00,2016-12-16 14:59:59
2001,Q0001,Q0001,P0003,60,2970-01-01 00:00:00,2970-01-01 00:00:00
2002,Q0002,Q0002,P0002,60,2970-01-01 00:00:00,2970-01-01 00:00:00
2003,Q0003,Q0003,P0003,60,2970-01-01 00:00:00,2970-01-01 00:00:00
2004,Q0004,Q0004,P0002,60,2970-01-01 00:00:00,2970-01-01 00:00:00
2005,Q0005,Q0005,P0003,60,2970-01-01 00:00:00,2970-01-01 00:00:00
2006,Q0006,Q0006,U06321,60,2970-01-01 00:00:00,2970-01-01 00:00:00
2007,Q0007,Q0007,P0001,60,2970-01-01 00:00:00,2970-01-01 00:00:00
2008,Q0008,Q0008,P0001,60,2970-01-01 00:00:00,2970-01-01 00:00:00
2009,Q0009,Q0009,P0001,60,2970-01-01 00:00:00,2970-01-01 00:00:00
2010,Q0010,Q0010,P0001,60,2970-01-01 00:00:00,2970-01-01 00:00:00
2011,Q0011,Q0011,P0010,60,2970-01-01 00:00:00,2970-01-01 00:00:00
2012,Q0012,Q0012,P0001,60,2970-01-01 00:00:00,2970-01-01 00:00:00
2013,Q0013,Q0013,P0001,60,2970-01-01 00:00:00,2970-01-01 00:00:00
2014,Q0014,Q0014,P0001,60,2970-01-01 00:00:00,2970-01-01 00:00:00
2015,Q0015,Q0015,P0001,60,2970-01-01 00:00:00,2970-01-01 00:00:00
2016,Q0016,Q0016,P0001,60,2970-01-01 00:00:00,2970-01-01 00:00:00
2017,Q0017,Q0017,P0001,60,2970-01-01 00:00:00,2970-01-01 00:00:00
2018,Q0018,Q0018,P0001,60,2970-01-01 00:00:00,2970-01-01 00:00:00
2019,Q0019,Q0019,P0001,60,2970-01-01 00:00:00,2970-01-01 00:00:00
2020,Q0020,Q0020,P0001,60,2970-01-01 00:00:00,2970-01-01 00:00:00
2021,Q0021,Q0021,P0010,60,2970-01-01 00:00:00,2970-01-01 00:00:00
2022,Q0022,Q0022,P0001,60,2970-01-01 00:00:00,2970-01-01 00:00:00
2023,Q0023,Q0023,P0001,60,2970-01-01 00:00:00,2970-01-01 00:00:00
2024,Q0024,Q0024,P0001,60,2970-01-01 00:00:00,2970-01-01 00:00:00
2025,Q0025,Q0025,P0001,60,2970-01-01 00:00:00,2970-01-01 00:00:00
2026,Q0026,Q0026,P0001,60,2970-01-01 00:00:00,2970-01-01 00:00:00
2924,Q9024,Q9024,U01251,60,2970-01-01 00:00:00,2970-01-01 00:00:00
2925,Q9025,Q9025,U01251,60,2970-01-01 00:00:00,2970-01-01 00:00:00
2926,Q9026,Q9026,U01251,60,2970-01-01 00:00:00,2970-01-01 00:00:00
2927,Q9027,Q9027,P0001,60,2970-01-01 00:00:00,2970-01-01 00:00:00
2928,Q9028,Q9028,P0001,60,2970-01-01 00:00:00,2970-01-01 00:00:00
2929,Q9029,Q9029,P0001,60,2970-01-01 00:00:00,2970-01-01 00:00:00
2930,Q9030,Q9030,P0001,60,2970-01-01 00:00:00,2970-01-01 00:00:00
2931,Q9031,Q9031,U06331,60,2970-01-01 00:00:00,2970-01-01 00:00:00
3001,R0005,R0001,P0001,50,NULL,NULL
3002,R0010,R0002,P0001,50,NULL,NULL
3003,R0015,R0003,P0002,50,NULL,NULL
3004,R0020,R0004,P0002,50,NULL,NULL
3005,R0025,R0005,P0003,50,NULL,NULL
3006,R0030,R0006,P0003,50,NULL,NULL
3007,R0035,R0007,P0004,50,NULL,NULL
3008,R0040,R0008,P0004,50,NULL,NULL
3009,R0045,R0009,P0005,50,NULL,NULL
3101,R0008,RQ001,U01079,80,2970-01-01 00:00:00,2970-01-01 00:00:00
3102,R0010,RQ002,U01083,80,2970-01-01 00:00:00,2970-01-01 00:00:00
3103,R0015,RQ003,U01081,80,2970-01-01 00:00:00,2970-01-01 00:00:00
3104,R0020,RQ004,U01077,80,2970-01-01 00:00:00,2970-01-01 00:00:00
3105,R0025,RQ005,P0001,55,2970-01-01 00:00:00,2970-01-01 00:00:00
3106,R0030,RQ006,P0001,55,2970-01-01 00:00:00,2970-01-01 00:00:00
3107,R0035,RQ007,P0001,55,2970-01-01 00:00:00,2970-01-01 00:00:00
3108,R0040,RQ008,P0001,55,2970-01-01 00:00:00,2970-01-01 00:00:00
3109,R0045,RQ009,P0001,55,2970-01-01 00:00:00,2970-01-01 00:00:00
3110,R0050,RQ010,P0001,55,2970-01-01 00:00:00,2970-01-01 00:00:00
3111,R0055,RQ011,P0001,55,2970-01-01 00:00:00,2970-01-01 00:00:00
3112,R0060,RQ012,P0001,55,2970-01-01 00:00:00,2970-01-01 00:00:00
4001,Q0001,F0001,L0002,40,NULL,NULL
4002,F0001,F0003,L0003,40,NULL,NULL
4003,F0003,F0005,L0005,40,NULL,NULL
4004,F0005,F0010,L0007,40,NULL,NULL
4005,F0010,F0020,L0010,40,NULL,NULL
4006,F0020,F0030,L0015,40,NULL,NULL
4007,F0030,F0040,L0020,40,NULL,NULL
4008,F0040,F0050,L0030,40,NULL,NULL
5001,K0010,K0001,P0001,40,NULL,NULL
5002,K0025,K0002,U01251,40,NULL,NULL
5003,K0050,K0003,U01251,40,NULL,NULL
5004,K0075,K0004,P0001,40,NULL,NULL
5005,K0100,K0005,U01251,40,NULL,NULL
5006,K0125,K0006,U01251,40,NULL,NULL
5007,K0150,K0007,U01251,40,NULL,NULL
5008,K0175,K0008,P0001,40,NULL,NULL
5009,K0200,K0009,U01251,40,NULL,NULL
5010,K0225,K0010,U01251,40,NULL,NULL
5011,K0250,K0011,U01251,40,NULL,NULL
5012,K0275,K0012,P0001,40,NULL,NULL
5013,K0300,K0013,U01251,40,NULL,NULL
5014,K0325,K0014,U01251,40,NULL,NULL
5015,K0350,K0015,U01251,40,NULL,NULL
5016,K0375,K0016,P0001,40,NULL,NULL
5017,K0400,K0017,U01251,40,NULL,NULL
5018,K0425,K0018,U01251,40,NULL,NULL
5019,K0450,K0019,U01251,40,NULL,NULL
5020,K0475,K0020,P0025,40,2970-01-01 00:00:00,2970-01-01 00:00:00
5021,K0500,K0021,U06072,40,2970-01-01 00:00:00,2970-01-01 00:00:00
5022,K0525,K0022,I00201,40,2970-01-01 00:00:00,2970-01-01 00:00:00
5023,K0550,K0023,U06082,40,2970-01-01 00:00:00,2970-01-01 00:00:00
5024,K0575,K0024,P0005,40,2970-01-01 00:00:00,2970-01-01 00:00:00
5025,K0600,K0025,U06092,40,2970-01-01 00:00:00,2970-01-01 00:00:00
5026,K0625,K0026,I00301,40,2970-01-01 00:00:00,2970-01-01 00:00:00
5027,K0650,K0027,U06102,40,2970-01-01 00:00:00,2970-01-01 00:00:00
5028,K0675,K0028,P0005,40,2970-01-01 00:00:00,2970-01-01 00:00:00
5029,K0700,K0029,U06111,40,2970-01-01 00:00:00,2970-01-01 00:00:00
5030,K0725,K0030,I00401,40,2970-01-01 00:00:00,2970-01-01 00:00:00
5031,K0750,K0031,U06121,40,2970-01-01 00:00:00,2970-01-01 00:00:00
5032,K0775,K0032,P0005,40,2970-01-01 00:00:00,2970-01-01 00:00:00
5033,K0800,K0033,U06131,40,2970-01-01 00:00:00,2970-01-01 00:00:00
5034,K0825,K0034,I00101,40,2970-01-01 00:00:00,2970-01-01 00:00:00
5035,K0850,K0035,U06141,40,2970-01-01 00:00:00,2970-01-01 00:00:00
5036,K0875,K0036,P0005,40,2970-01-01 00:00:00,2970-01-01 00:00:00
5037,K0900,K0037,U06112,40,2970-01-01 00:00:00,2970-01-01 00:00:00
5038,K0925,K0038,I00202,40,2970-01-01 00:00:00,2970-01-01 00:00:00
5039,K0950,K0039,U06122,40,2970-01-01 00:00:00,2970-01-01 00:00:00
5040,K0975,K0040,P0050,40,2970-01-01 00:00:00,2970-01-01 00:00:00
6001,Q0001,L0002,P0005,70,NULL,NULL
6002,L0002,L0003,P0005,30,NULL,NULL
6300,L0003,L0004,P0005,30,NULL,NULL
6305,L0004,L0006,P0005,30,NULL,NULL
6003,L0006,L0007,P0005,30,NULL,NULL
6010,L0007,L0050,P0010,30,NULL,NULL
6015,L0050,L0100,P0020,30,NULL,NULL
6020,L0100,L0150,P0010,30,NULL,NULL
6025,L0150,L0200,P0010,30,NULL,NULL
6030,L0200,L0250,P0010,30,NULL,NULL
6035,L0250,L0300,P0010,30,NULL,NULL
6040,L0300,L0350,P0010,30,NULL,NULL
6042,L0350,L0365,P0005,30,NULL,NULL
6046,L0365,L0400,P0010,30,NULL,NULL
6051,L0400,L0450,P0010,30,NULL,NULL
6056,L0450,L0500,P0020,30,NULL,NULL
6061,L0500,L0550,P0010,30,NULL,NULL
6066,L0550,L0600,P0010,30,NULL,NULL
6071,L0600,L0650,P0010,30,NULL,NULL
6076,L0650,L0700,P0010,30,NULL,NULL
6079,L0700,L0730,P0050,30,NULL,NULL
6081,L0730,L0750,P0010,30,NULL,NULL
6086,L0750,L0800,P0010,30,NULL,NULL
6091,L0800,L0850,P0010,30,NULL,NULL
6096,L0850,L0900,P0010,30,NULL,NULL
6101,L0900,L0950,P0010,30,NULL,NULL
6106,L0950,L1000,P0050,30,NULL,NULL
6111,L1000,L1050,P0010,30,NULL,NULL
6116,L1050,L1100,P0010,30,NULL,NULL
7007,Q0001,QTOW6,P0003,111,2017-02-27 15:00:00,2017-03-06 14:59:59
8001,Q0001,M0001,P0005,75,NULL,NULL
9001,Q0001,CQ0001,P0001,50,2016-01-29 15:00:00,2016-02-12 23:59:59
9002,Q0001,CQ0002,P0001,50,2016-01-29 15:00:00,2016-02-12 23:59:59
9003,Q0001,CQ0003,U01251,50,2016-01-29 15:00:00,2016-02-12 23:59:59
9004,Q0001,CQ0004,U05551,50,2016-01-29 15:00:00,2016-02-12 23:59:59
9005,Q0001,CQ0005,U01251,50,2016-01-29 15:00:00,2016-02-12 23:59:59
9006,Q0001,CQ0006,U05531,50,2016-01-29 15:00:00,2016-02-12 14:59:59
9007,Q0001,BG0001,P0001,30,2970-01-01 00:00:00,2970-01-01 23:59:59
9008,Q0001,BG0002,P0001,30,2970-01-01 00:00:00,2970-01-01 23:59:59
9010,Q0001,CQ0008,P0001,89,2016-04-26 15:00:00,2016-05-10 23:59:59
9011,Q0001,CQ0009,P0001,88,2016-04-26 15:00:00,2016-05-10 23:59:59
9012,Q0001,CQ0010,P0001,87,2016-04-26 15:00:00,2016-05-10 23:59:59
9013,Q0001,CQ0011,P0001,86,2016-04-26 15:00:00,2016-05-10 23:59:59
9014,Q0001,CQ0012,P0001,85,2016-04-26 15:00:00,2016-05-10 23:59:59
9015,Q0001,CQ0013,P0001,84,2016-04-26 15:00:00,2016-05-10 23:59:59
9016,Q0001,CQ0014,U01251,83,2016-04-26 15:00:00,2016-05-10 23:59:59
9017,Q0001,CQ0015,U01251,82,2016-04-26 15:00:00,2016-05-10 23:59:59
9018,Q0001,CQ0016,U01251,81,2016-04-26 15:00:00,2016-05-10 23:59:59
9019,Q0001,CQ0017,U01251,81,2016-04-26 15:00:00,2016-05-10 23:59:59
9020,Q0001,O0024,P0001,50,2016-02-22 00:00:00,2016-03-06 14:59:59
9021,Q0001,O0025,P0001,50,2016-02-22 00:00:00,2016-03-06 14:59:59
9022,Q0001,CQ0018,P0001,93,2016-06-13 00:00:00,2016-06-26 23:59:59
9023,Q0001,CQ0019,P0001,93,2016-06-13 00:00:00,2016-06-26 23:59:59
9024,Q0001,CQ0020,P0001,93,2016-06-13 00:00:00,2016-06-26 23:59:59
9025,Q0001,CQ0021,U01251,93,2016-06-13 00:00:00,2016-06-26 23:59:59
9026,Q0001,CQ0022,U01251,93,2016-06-13 00:00:00,2016-06-26 23:59:59
9027,Q0001,Q9032,U10431,95,2016-07-06 15:00:00,2016-07-16 14:59:59
9028,M9027,Q9033,U10431,95,2016-07-06 15:00:00,2016-07-16 14:59:59
9029,M9028,Q9034,U10431,95,2016-07-06 15:00:00,2016-07-16 14:59:59
9030,M9029,Q9035,U08371,95,2016-07-06 15:00:00,2016-07-16 14:59:59
9033,Q1001,CQ0023,U05711,30,2016-07-06 15:00:00,2016-08-13 14:59:59
9038,Q0001,CQ0024,P0001,95,2016-08-10 00:00:00,2016-08-24 23:59:59
9039,Q0001,CQ0025,P0001,95,2016-08-10 00:00:00,2016-08-24 23:59:59
9040,Q0001,CQ0026,P0001,95,2016-08-10 00:00:00,2016-08-24 23:59:59
9041,Q0001,CQ0027,U01251,95,2016-08-10 00:00:00,2016-08-24 23:59:59
9042,Q0001,CQ0028,P0001,95,2016-08-10 00:00:00,2016-08-24 23:59:59
9043,Q0001,CQ0029,U01251,95,2016-08-10 00:00:00,2016-08-24 23:59:59
9044,Q0001,CQ0030,WU8372,96,2016-08-27 00:00:00,2016-09-11 14:59:59
9045,Q0001,CQ0031,P0003,97,2016-09-02 15:00:00,2016-09-05 23:59:59
9046,Q0001,CQ0032,P0003,100,2016-09-14 15:00:00,2016-09-20 23:59:59
9049,Q0001,CQ0033,P0003,103,2016-10-07 15:00:00,2016-10-10 23:59:59
9050,Q0001,CQ0034,P0003,106,2016-10-21 15:00:00,2016-10-27 23:59:59
9051,Q0001,CQ0035,P0003,108,2016-11-04 15:00:00,2016-11-07 23:59:59
9052,Q0001,CQ0036,P0003,109,2016-12-06 15:00:00,2016-12-12 23:59:59
9053,Q0001,CQ0037,I70203,110,2016-12-12 15:00:00,2016-12-19 14:59:58
9054,Q0001,CQ0038,I70209,110,2016-12-12 15:00:00,2016-12-19 14:59:59
9055,Q0001,CQ0039,I70215,110,2016-12-12 15:00:00,2016-12-19 14:59:59
9056,Q0001,CQ0040,I70230,110,2016-12-12 15:00:00,2016-12-19 14:59:59
9057,Q0001,CQ0041,U12841,110,2016-12-12 15:00:00,2016-12-20 14:59:59
9058,Q0001,CQ0042,U12841,110,2016-12-12 15:00:00,2016-12-20 14:59:59
9059,Q0001,CQ0043,U12841,110,2016-12-12 15:00:00,2016-12-20 14:59:59
9060,Q0001,CQ0044,U08371,110,2016-12-12 15:00:00,2016-12-20 14:59:59
9061,Q0001,CQ0045,P0010,110,2016-12-12 15:00:00,2016-12-20 14:59:59
9062,Q0001,CQ0046,P0003,111,2016-12-19 15:00:00,2016-12-27 23:59:59
9063,Q0001,CQ0047,P0001,89,2016-12-26 15:00:00,2017-01-08 14:59:59
9064,Q0001,CQ0048,P0001,88,2016-12-26 15:00:00,2017-01-08 14:59:59
9065,Q0001,CQ0049,P0001,87,2016-12-26 15:00:00,2017-01-08 14:59:59
9066,Q0001,CQ0050,P0001,86,2016-12-26 15:00:00,2017-01-08 14:59:59
9067,Q0001,CQ0051,P0001,85,2016-12-26 15:00:00,2017-01-08 14:59:59
9068,Q0001,CQ0052,P0001,84,2016-12-26 15:00:00,2017-01-08 14:59:59
9069,Q0001,CQ0053,U01251,83,2016-12-26 15:00:00,2017-01-08 14:59:59
9070,Q0001,CQ0054,U01251,82,2016-12-26 15:00:00,2017-01-08 14:59:59
9071,Q0001,CQ0055,U01251,81,2016-12-26 15:00:00,2016-12-31 14:59:59
9072,Q0001,CQ0056,U01251,81,2017-01-03 15:00:00,2017-01-08 14:59:59
9073,Q0001,CQ0057,P0003,106,2017-01-06 15:00:00,2017-01-10 23:59:59
9074,Q0001,CQ0058,U01251,81,2017-01-03 15:00:00,2017-01-08 14:59:59
9075,Q0001,CQ0059,P0003,106,2017-01-20 15:00:00,2017-01-26 23:59:59
9076,Q0001,CQ0060,WU3481,106,2017-01-26 15:00:00,2017-02-10 23:59:59
9077,Q0001,CQ0061,WB300,106,2017-01-26 15:00:00,2017-02-10 23:59:59
9078,Q0001,CQ0062,WU6101,106,2017-01-26 15:00:00,2017-02-10 23:59:59
9079,Q0001,CQ0063,WU6101,106,2017-01-26 15:00:00,2017-02-10 23:59:59
9080,Q0001,CQ0064,MK553,106,2017-01-26 15:00:00,2017-02-10 23:59:59
9081,Q0001,CQ0065,WU3491,106,2017-01-26 15:00:00,2017-02-10 23:59:59
9082,Q0001,CQ0066,WB300,106,2017-01-26 15:00:00,2017-02-10 23:59:59
9083,Q0001,CQ0067,WU6101,106,2017-01-26 15:00:00,2017-02-10 23:59:59
9084,Q0001,CQ0068,WU6101,106,2017-01-26 15:00:00,2017-02-10 23:59:59
9085,Q0001,CQ0069,WU8372,106,2017-01-26 15:00:00,2017-02-10 23:59:59
9086,Q0001,CQ0070,MK555,106,2017-01-26 15:00:00,2017-02-10 23:59:59
9087,Q0001,CQ0071,P0001,106,2017-01-26 15:00:00,2017-02-10 23:59:59
9088,Q0001,CQ0072,P0001,106,2017-01-26 15:00:00,2017-02-10 23:59:59
9089,Q0001,CQ0073,P0001,106,2017-01-26 15:00:00,2017-02-10 23:59:59
9090,Q0001,CQ0074,P0003,106,2017-01-26 15:00:00,2017-02-10 23:59:59
9091,Q0001,CQ0075,P0001,106,2017-01-26 15:00:00,2017-02-10 23:59:59
9092,Q0001,CQ0076,P0001,106,2017-01-26 15:00:00,2017-02-10 23:59:59
9104,Q0001,CQ0077,WU6101,106,2017-02-13 15:00:00,2017-02-21 14:59:59
9105,Q0001,CQ0078,P0001,106,2017-02-13 15:00:00,2017-02-21 14:59:59
9106,Q0001,CQ0079,WU6101,106,2017-02-13 15:00:00,2017-02-21 14:59:59
9107,Q0001,CQ0080,P0001,106,2017-02-13 15:00:00,2017-02-21 14:59:59
9108,Q0001,CQ0081,WU3392,106,2017-02-13 15:00:00,2017-02-21 14:59:59
9109,Q0001,CQ0082,WU6101,106,2017-02-13 15:00:00,2017-02-21 14:59:59
9110,Q0001,CQ0083,P0001,106,2017-02-13 15:00:00,2017-02-21 14:59:59
9111,Q0001,CQ0084,WU3352,106,2017-02-13 15:00:00,2017-02-21 14:59:59
9112,Q0001,CQ0085,WU6101,106,2017-02-13 15:00:00,2017-02-21 14:59:59
9113,Q0001,CQ0086,P0001,106,2017-02-13 15:00:00,2017-02-21 14:59:59
9114,Q1000,CQ0087,U05711,106,2017-02-14 15:00:00,2017-02-21 14:59:59
9115,Q0001,CQ0088,P0003,106,2017-03-03 15:00:00,2017-03-06 23:59:59
10002,M1003,BUG02,U01201,50,NULL,NULL
10005,M10002,BUG05,L0005,50,NULL,NULL
10015,M10005,BUG15,U01251,50,NULL,NULL
10030,M10015,BUG30,P0002,50,NULL,NULL
10045,M10030,BUG45,U06101,50,NULL,NULL
10060,M10045,BUG60,U08371,50,NULL,NULL
10075,M10060,BUG75,P0003,50,NULL,NULL
10090,M10075,BUG90,P0005,50,NULL,NULL
10099,M10090,BUG99,P0010,50,NULL,NULL
8002,Q0001,G8002,P0001,90,2016-05-25 00:00:00,2016-06-10 23:59:59
8003,Q0001,G8003,P0001,94,2016-06-23 15:00:00,2016-06-30 23:59:59
8004,Q0001,G8004,P0001,94,2016-07-08 00:00:00,2016-07-14 23:59:59
8005,Q0001,G8005,P0001,94,2016-07-10 00:00:00,2016-07-23 23:59:59
8006,Q0001,G8006,P0001,94,2017-01-20 15:00:00,2017-01-27 14:59:59
8007,Q0001,G8007,P0001,94,2017-01-22 19:30:00,2017-01-22 22:00:00
9999,Q0001,CQ9999,P0001,50,2017-03-02 15:00:00,2017-03-03 23:59:59
30000,Q0001,O0063,P0001,100,2017-03-09 15:00:00,2017-03-15 14:59:59
30001,Q0001,O0064,P0001,101,2017-03-09 15:00:00,2017-03-15 14:59:59
30002,Q0001,CQ0089,I70315,102,2017-03-09 15:00:00,2017-03-15 14:59:59
30003,Q0001,CQ0090,I70330,103,2017-03-09 15:00:00,2017-03-15 14:59:59
30004,Q0001,CQ0091,I70303,104,2017-03-09 15:00:00,2017-03-16 14:59:59
30005,Q0001,CQ0092,I70309,105,2017-03-09 15:00:00,2017-03-16 14:59:59
30006,Q0001,CQ0093,I70315,106,2017-03-09 15:00:00,2017-03-16 14:59:59
30007,Q0001,CQ0094,I70330,107,2017-03-09 15:00:00,2017-03-16 14:59:59
30008,Q0001,CQ0095,P0010,108,2017-03-09 15:00:00,2017-03-16 14:59:59
30009,Q0001,Q0001,P0003,60,NULL,NULL
30010,Q0002,Q0002,P0002,60,NULL,NULL
30011,Q0003,Q0003,P0003,60,NULL,NULL
30012,Q0004,Q0004,P0002,60,NULL,NULL
30013,Q0005,Q0005,P0003,60,NULL,NULL
30014,Q0006,Q0006,U06321,60,NULL,NULL
30015,Q0007,Q0007,P0001,60,NULL,NULL
30016,Q0008,Q0008,P0001,60,NULL,NULL
30017,Q0009,Q0009,P0001,60,NULL,NULL
30018,Q0010,Q0010,P0001,60,NULL,NULL
30019,Q0011,Q0011,P0010,60,NULL,NULL
30020,Q0012,Q0012,P0001,60,NULL,NULL
30021,Q0013,Q0013,P0001,60,NULL,NULL
30022,Q0014,Q0014,P0001,60,NULL,NULL
30023,Q0015,Q0015,P0001,60,NULL,NULL
30024,Q0016,Q0016,P0001,60,NULL,NULL
30025,Q0017,Q0017,P0001,60,NULL,NULL
30026,Q0018,Q0018,P0001,60,NULL,NULL
30027,Q0019,Q0019,P0001,60,NULL,NULL
30028,Q0020,Q0020,P0001,60,NULL,NULL
30029,Q0021,Q0021,P0010,60,NULL,NULL
30030,Q0022,Q0022,P0001,60,NULL,NULL
30031,Q0023,Q0023,P0001,60,NULL,NULL
30032,Q9024,Q0024,P0001,60,NULL,NULL
30033,Q9025,Q0025,P0001,60,NULL,NULL
30034,Q9026,Q0026,P0001,60,NULL,NULL
30035,Q9027,Q9027,P0001,60,NULL,NULL
30036,Q9028,Q9028,P0001,60,NULL,NULL
30037,Q9029,Q9029,P0001,60,NULL,NULL
30038,Q9030,Q9030,P0001,60,NULL,NULL
30039,Q9031,Q9031,U06331,60,NULL,NULL
30040,M1003,E0006,P0001,76,NULL,NULL
30041,Q0001,CQ2222,I70410,106,2017-03-21 11:00:00,2017-04-04 10:59:59
30042,Q0001,CQ2223,P0010,106,2017-03-21 11:00:00,2017-04-04 10:59:59
30043,Q0027,O0065,U15041,106,2017-03-21 11:00:00,2017-04-04 10:59:59
30044,Q0028,O0066,U15041,106,2017-03-21 11:00:00,2017-04-04 10:59:59
30045,Q0029,O0067,U15041,106,2017-03-21 11:00:00,2017-04-04 10:59:59
30046,Q0001,O0068,P0001,101,2017-03-21 11:00:00,2017-04-04 10:59:59
30047,Q0001,O0069,P0001,101,2017-03-21 11:00:00,2017-04-04 10:59:59
30048,Q0001,CQ0096,I70405,101,2017-03-21 11:00:00,2017-04-04 10:59:59
30049,Q0001,CQ0097,I70407,101,2017-03-21 11:00:00,2017-04-04 10:59:59
30050,Q0001,CQ0098,I70410,101,2017-03-21 11:00:00,2017-04-04 10:59:59
30051,Q0001,CQ0099,U15471,101,2017-03-21 11:00:00,2017-04-04 10:59:59
30052,Q0001,CQ0100,P0001,101,2017-03-21 11:00:00,2017-04-04 10:59:59
30053,Q0001,CQ0101,I70410,101,2017-03-21 11:00:00,2017-04-04 10:59:59
30054,Q0001,CQ0102,P0003,101,2017-03-21 11:00:00,2017-04-04 10:59:59
30055,Q0001,CQ0103,P0003,101,2017-03-21 11:00:00,2017-04-04 10:59:59
30056,K0475,K0020,P0025,40,NULL,NULL
30057,K0500,K0021,U06072,40,NULL,NULL
30058,K0525,K0022,I00201,40,NULL,NULL
30059,K0550,K0023,U06082,40,NULL,NULL
30060,K0575,K0024,P0005,40,NULL,NULL
30061,K0600,K0025,U06092,40,NULL,NULL
30062,K0625,K0026,I00301,40,NULL,NULL
30063,K0650,K0027,U06102,40,NULL,NULL
30064,K0675,K0028,P0005,40,NULL,NULL
30065,K0700,K0029,U06111,40,NULL,NULL
30066,K0725,K0030,I00401,40,NULL,NULL
30067,K0750,K0031,U06121,40,NULL,NULL
30068,K0775,K0032,P0005,40,NULL,NULL
30069,K0800,K0033,U06131,40,NULL,NULL
30070,K0825,K0034,I00101,40,NULL,NULL
30071,K0850,K0035,U06141,40,NULL,NULL
30072,K0875,K0036,P0005,40,NULL,NULL
30073,K0900,K0037,U06112,40,NULL,NULL
30074,K0925,K0038,I00202,40,NULL,NULL
30075,K0950,K0039,U06122,40,NULL,NULL
30076,K0975,K0040,P0050,40,NULL,NULL
30077,K1000,K0041,U06132,40,NULL,NULL
30078,K1025,K0042,I00302,40,NULL,NULL
30079,K1050,K0043,U06142,40,NULL,NULL
30080,K1075,K0044,P0005,40,NULL,NULL
30081,K1100,K0045,U06112,40,NULL,NULL
30082,K1125,K0046,I00402,40,NULL,NULL
30083,K1150,K0047,U06122,40,NULL,NULL
30084,K1175,K0048,P0005,40,NULL,NULL
30085,K1200,K0049,U06132,40,NULL,NULL
30086,K1225,K0050,I00102,40,NULL,NULL
30087,K1250,K0051,U06142,40,NULL,NULL
30088,K1275,K0052,P0005,40,NULL,NULL
30089,K1300,K0053,U06113,40,NULL,NULL
30090,K1325,K0054,I00202,40,NULL,NULL
30091,K1350,K0055,U06123,40,NULL,NULL
30092,K1375,K0056,P0005,40,NULL,NULL
30093,K1400,K0057,U06133,40,NULL,NULL
30094,K1425,K0058,I00302,40,NULL,NULL
30095,K1450,K0059,U06143,40,NULL,NULL
30096,K1475,K0060,P0050,40,NULL,NULL
30097,K1500,K0061,U06113,40,NULL,NULL
30098,K1525,K0062,I00402,40,NULL,NULL
30099,K1550,K0063,U06123,40,NULL,NULL
30100,K1575,K0064,P0005,40,NULL,NULL
30101,K1600,K0065,U06133,40,NULL,NULL
30102,K1625,K0066,I00102,40,NULL,NULL
30103,K1650,K0067,U06143,40,NULL,NULL
30104,K1675,K0068,P0005,40,NULL,NULL
30105,K1700,K0069,U06113,40,NULL,NULL
30106,K1725,K0070,I00102,40,NULL,NULL
30107,K1750,K0071,U06123,40,NULL,NULL
30108,K1775,K0072,P0005,40,NULL,NULL
30109,K1800,K0073,U06133,40,NULL,NULL
30110,K1825,K0074,I00102,40,NULL,NULL
30111,K1850,K0075,U06143,40,NULL,NULL
30112,K1875,K0076,P0005,40,NULL,NULL
30113,K1900,K0077,U06113,40,NULL,NULL
30114,K1925,K0078,I00102,40,NULL,NULL
30115,K1950,K0079,U06123,40,NULL,NULL
30116,K1975,K0080,P0050,40,NULL,NULL
30117,Q0001,QTOW7,P0003,111,2017-03-27 15:00:00,2017-04-03 14:59:59
30118,Q0001,CQ0104,I70505,40,2017-04-05 15:00:00,2017-04-12 14:59:59
30119,M30118,CQ0105,I70510,40,2017-04-05 15:00:00,2017-04-12 14:59:59
30120,M30119,CQ0106,P0001,40,2017-04-05 15:00:00,2017-04-12 14:59:59
30121,M30120,CQ0107,P0002,40,2017-04-05 15:00:00,2017-04-12 14:59:59
30122,M30121,CQ0108,P0003,40,2017-04-05 15:00:00,2017-04-12 14:59:59
30123,Q0001,O0070,P0001,51,2017-04-05 15:00:00,2017-04-12 14:59:59
30124,Q0001,O0071,P0001,50,2017-04-05 15:00:00,2017-04-12 14:59:59
30125,Q0001,CQ0109,I70503,46,2017-04-05 15:00:00,2017-04-12 14:59:59
30126,Q0001,CQ0110,I70505,45,2017-04-05 15:00:00,2017-04-12 14:59:59
30127,Q0001,G8008,P0001,100,2017-04-10 15:00:00,2017-04-17 14:59:59
30128,Q0001,CQ0111,P0003,106,2017-04-21 15:00:00,2017-04-24 23:59:59
30129,Q0001,CQ0112,U08371,46,2017-04-25 15:00:00,2017-05-08 14:59:59
30130,Q0001,CQ0113,P0001,45,2017-04-25 15:00:00,2017-05-08 14:59:59
30131,Q0001,O0072,P0001,51,2017-04-25 15:00:00,2017-05-08 14:59:59
30132,Q0001,O0073,P0001,50,2017-04-25 15:00:00,2017-05-08 14:59:59
30133,Q0001,QTOW8,P0003,111,2017-04-29 15:00:00,2017-05-05 14:59:59
30134,Q0001,CQ0114,P0001,45,2017-05-02 15:00:00,2017-05-08 14:59:59
30135,Q0001,CQ0115,P0003,106,2017-05-05 15:00:00,2017-05-08 23:59:59
30136,Q0001,CQ0116,P0003,106,2017-05-17 15:00:00,2017-05-22 23:59:59
30137,Q0001,CQ0117,WU6101,107,2017-05-22 15:00:00,2017-05-29 14:59:59
30138,Q0001,CQ0118,WU6101,108,2017-05-22 15:00:00,2017-05-29 14:59:59
30139,Q0001,CQ0119,P0001,109,2017-05-22 15:00:00,2017-05-29 14:59:59
30140,Q0001,O0074,P0001,110,2017-05-22 15:00:00,2017-05-29 14:59:59
30141,Q0001,O0075,P0001,110,2017-05-22 15:00:00,2017-05-29 14:59:59
30142,Q0001,O0076,P0001,111,2017-05-26 15:00:00,2017-06-08 14:59:59
30143,Q0001,O0077,P0001,999,2017-05-31 15:00:00,2017-06-08 14:59:59
30144,Q0001,CQ0120,I70205,112,2017-05-26 15:00:00,2017-06-02 14:59:59
30145,Q0001,CQ0121,P0001,113,2017-06-01 15:00:00,2017-06-08 14:59:59
30146,Q0001,CQ0122,WU6101,114,2017-05-30 15:00:00,2017-06-12 14:59:59
30147,Q0001,CQ0123,U08371,115,2017-05-30 15:00:00,2017-06-12 14:59:59
30148,Q0001,CQ0124,P0001,116,2017-05-30 15:00:00,2017-06-12 14:59:59
30149,Q0001,O0078,P0001,117,2017-05-30 15:00:00,2017-06-12 14:59:59
30150,Q0001,O0079,P0001,118,2017-05-30 15:00:00,2017-06-12 14:59:59
30151,Q0001,RT0001,T00001,30,NULL,NULL
30152,Q0001,RT0002,T00002,30,NULL,NULL
30153,Q0001,RT0003,T00003,30,NULL,NULL
30154,Q0001,RT0004,T00004,30,NULL,NULL
30155,Q0001,RT0010,T00005,30,NULL,NULL
30156,Q0001,RT0011,T00006,30,NULL,NULL
30157,R0010,RT0030,T00007,30,NULL,NULL
30158,R0010,RT0031,T00008,30,NULL,NULL
30159,R0030,RT0050,T00009,30,NULL,NULL
30160,R0030,RT0051,T00010,30,NULL,NULL
30161,R0050,RT0070,T00011,30,NULL,NULL
30162,R0050,RT0071,T00012,30,NULL,NULL
30163,R0070,RT0100,T00013,30,NULL,NULL
30164,R0070,RT0101,T00014,30,NULL,NULL
30165,R0100,RT0150,T00015,30,NULL,NULL
30166,R0100,RT0151,T00016,30,NULL,NULL
30167,R0150,RT0200,T00017,30,NULL,NULL
30168,R0150,RT0201,T00018,30,NULL,NULL
30169,R0200,RT0250,T00019,30,NULL,NULL
30170,R0200,RT0251,T00020,30,NULL,NULL
30171,R0250,RT0300,T00021,30,NULL,NULL
30172,R0250,RT0301,T00022,30,NULL,NULL
30173,R0300,RT0400,T00023,30,NULL,NULL
30174,R0300,RT0401,T00024,30,NULL,NULL
30175,Q0001,CQ0125,P0003,106,2017-06-09 15:00:00,2017-06-12 23:59:59
30176,Q0001,K0004T,T00025,39,NULL,NULL
30177,Q0001,K0005T,T00026,39,NULL,NULL
30178,K0100,K0006T,T00027,39,NULL,NULL
30179,K0100,K0007T,T00028,39,NULL,NULL
30180,K0250,K0008T,T00029,39,NULL,NULL
30181,K0250,K0009T,T00030,39,NULL,NULL
30182,K0500,K0010T,T00031,39,NULL,NULL
30183,K0500,K0011T,T00032,39,NULL,NULL
30184,K0750,K0012T,T00033,39,NULL,NULL
30185,K0750,K0013T,T00034,39,NULL,NULL
30186,K1000,K0014T,T00035,39,NULL,NULL
30187,K1000,K0015T,T00036,39,NULL,NULL
30188,Q0001,CQ0126,P0001,109,2017-06-13 15:00:00,2017-06-20 14:59:59
30189,Q0001,CQ0127,P0001,109,2017-06-13 15:00:00,2017-06-20 14:59:59
